{
  "version": 1,
  "author": "Anonymous maker",
  "editor": "wokwi",
  "parts": [
    { "type": "wokwi-esp32-devkit-v1", "id": "esp", "top": 14, "left": -0.67, "attrs": {} },
    {
      "type": "wokwi-led",
      "id": "led1",
      "top": 45.2,
      "left": -144.73,
      "attrs": { "color": "red" }
    }
  ],
  "connections": [
    [ "esp:TX0", "$serialMonitor:RX", "", [] ],
    [ "esp:RX0", "$serialMonitor:TX", "", [] ],
    [ "esp:D25", "led1:A", "green", [ "h0" ] ],
    [ "esp:GND.2", "led1:C", "black", [ "h-134.5", "v-78.6", "h-2", "v-10", "h4.67", "v-7.33" ] ]
  ],
  "dependencies": {}
}